﻿<?xml version="1.0" encoding="utf-8"?>
<Commands>
	<Command id="1">
		<Parameter Name="MacroClear" MacroID="137"/>
	</Command>
	<Command id="2">
		<Parameter Name="MoveShortAxis" ShuttleID ="137" ZTarget="0.0035" RXTarget="0" RYTarget ="0" RZTarget="0" VelZ="1.0" PositionMode="0" />
	</Command>
	<Command id="3">
		<Parameter Name="MoveShortAxis" ShuttleID ="137" ZTarget="0.0005" RXTarget="0" RYTarget ="0" RZTarget="0" VelZ="1.0" PositionMode="0" />
	</Command>
    <Command id="23">
		<Parameter Name="MacroRun" MacroID="137" ShuttleID = "137"/>
	</Command>
	<Command id="24">
		<Parameter Name="MacroSave" MacroID="137"/>
	</Command>
</Commands>
