﻿<?xml version="0.5" encoding="utf-8"?>
<Commands>
	<Command id="1">
		<Parameter Name="MacroClear" MacroID="160"/>
	</Command>
	<Command id="2">
		<Parameter Name="MoveInPlane" ShuttleID="160" XTarget="0.120" YTarget="0.00" Acc="10" Vel="0.3" EndVel="0.30" PositionMode="1" PathType="0"/>
	</Command>
    <Command id="3">
		<Parameter Name="MoveArcAngle" ShuttleID="160" XTarget="0.0" YTarget="0.060" Acc="10" Vel="0.3" EndVel="0.3" PositionMode="1" Angle="3.1415" Direction="1"/>
	</Command>
    <Command id="4">
		<Parameter Name="MoveInPlane" ShuttleID="160" XTarget="-0.240" YTarget="0.00" Acc="10" Vel="0.3" EndVel="0.3" PositionMode="1" PathType="0"/>
	</Command>
    <Command id="5">
		<Parameter Name="MoveArcAngle" ShuttleID="160" XTarget="0.0" YTarget="-0.06" Acc="10" Vel="0.3" EndVel="0.3" PositionMode="1" Angle="3.1415" Direction="1"/>
	</Command>
    <Command id="6">
		<Parameter Name="MoveInPlane" ShuttleID="160" XTarget="0.240" YTarget="0.00" Acc="10" Vel="0.3" EndVel="0.3" PositionMode="1" PathType="0"/>
	</Command>
    <Command id="7">
		<Parameter Name="MoveArcAngle" ShuttleID="160" XTarget="0.0" YTarget="0.060" Acc="10" Vel="0.3" EndVel="0.3" PositionMode="1" Angle="3.1415" Direction="1"/>
	</Command>
    <Command id="8">
		<Parameter Name="MoveInPlane" ShuttleID="160" XTarget="-0.240" YTarget="0.00" Acc="10" Vel="0.3" EndVel="0.3" PositionMode="1" PathType="0"/>
	</Command>
    <Command id="9">
		<Parameter Name="MoveArcAngle" ShuttleID="160" XTarget="0.0" YTarget="-0.06" Acc="10" Vel="0.3" EndVel="0.3" PositionMode="1" Angle="3.1415" Direction="1"/>
	</Command>
    <Command id="10">
		<Parameter Name="MoveInPlane" ShuttleID="160" XTarget="0.240" YTarget="0.0" Acc="10" Vel="0.3" EndVel="0.3" PositionMode="1" PathType="0"/>
	</Command>
    <!-- Start Sin Wave-->
    <Command id="12">
		<Parameter Name="MoveArcAngle" ShuttleID="160" XTarget="0.0" YTarget="0.06" Acc="10" Vel="0.3" EndVel="0.3" PositionMode="1" Angle="4.712" Direction="1"/>
	</Command>
    <Command id="13">
		<Parameter Name="MoveArcAngle" ShuttleID="160" XTarget="-0.06" YTarget="0.0" Acc="10" Vel="0.3" EndVel="0.3" PositionMode="1" Angle="3.1415" Direction="0"/>
	</Command>
    <Command id="14">
		<Parameter Name="MoveArcAngle" ShuttleID="160" XTarget="-0.06" YTarget="0.0" Acc="10" Vel="0.3" EndVel="0.3" PositionMode="1" Angle="6.283" Direction="1"/>
	</Command>
    <Command id="15">
		<Parameter Name="MoveArcAngle" ShuttleID="160" XTarget="0.06" YTarget="0.0" Acc="10" Vel="0.3" EndVel="0.3" PositionMode="1" Angle="3.1415" Direction="0"/>
	</Command>
    <Command id="16">
		<Parameter Name="MoveArcAngle" ShuttleID="160" XTarget="0.06" YTarget="0.0" Acc="10" Vel="0.3" EndVel="0.3" PositionMode="1" Angle="6.283" Direction="1"/>
	</Command>
    <Command id="17">
		<Parameter Name="MoveArcAngle" ShuttleID="160" XTarget="-0.06" YTarget="0.0" Acc="10" Vel="0.3" EndVel="0.3" PositionMode="1" Angle="3.1415" Direction="0"/>
	</Command>
    <Command id="18">
		<Parameter Name="MoveArcAngle" ShuttleID="160" XTarget="-0.06" YTarget="0.0" Acc="10" Vel="0.3" EndVel="0.3" PositionMode="1" Angle="4.712" Direction="1"/>
	</Command>
    <Command id="19">
		<Parameter Name="MoveInPlane" ShuttleID="160" XTarget="0.48" YTarget="0.06" Acc="10" Vel="0.3" EndVel="0.30" PositionMode="0" PathType="0"/>
	</Command>
	<Command id="20">
		<Parameter Name="MacroRun" MacroID="160" ShuttleID="160"/>
	</Command>
	<Command id="21">
		<Parameter Name="MacroSave" MacroID="160"/>
	</Command>
</Commands>
