﻿<?xml version="1.0" encoding="utf-8"?>
<Commands>
	<Command id="1">
		<Parameter Name="MacroClear" MacroID="138"/>
	</Command>
	<Command id="2">
		<Parameter Name="MoveArcAngle" ShuttleID="138" XTarget="-0.0025" YTarget="-0.0025" Acc="15" Vel="0.25" EndVel="0.25" PositionMode="1" Angle="6.283" Direction="1"/>
	</Command>
	<Command id="23">
		<Parameter Name="MacroRun" MacroID="138" ShuttleID = "138"/>
	</Command>
	<Command id="24">
		<Parameter Name="MacroSave" MacroID="138"/>
	</Command>
</Commands>
