﻿<?xml version="0.01" encoding="utf-8"?>
<Commands>
	<Command id="1">
		<Parameter Name="MacroClear" MacroID="141"/>
	</Command>
	<Command id="2">
		<Parameter Name="MoveInPlane" ShuttleID="141" XTarget="-0.03" YTarget="0.0" Acc="15" Vel="0.1" EndVel="0.0" PositionMode="1"/>
	</Command>
	<Command id="3">
		<Parameter Name="MoveInPlane" ShuttleID="141" XTarget="0.06" YTarget="0.0" Acc="15" Vel="0.1" EndVel="0.0" PositionMode="1"/>
	</Command>
	<Command id="4">
		<Parameter Name="MoveInPlane" ShuttleID="141" XTarget="-0.03" YTarget="0.0" Acc="15" Vel="0.1" EndVel="0.0" PositionMode="1"/>
	</Command>
	<Command id="5">
		<Parameter Name="MoveInPlane" ShuttleID="141" XTarget="0.0" YTarget="0.03" Acc="15" Vel="0.1" EndVel="0.0" PositionMode="1"/>
	</Command>
	<Command id="6">
		<Parameter Name="MoveInPlane" ShuttleID="141" XTarget="0" YTarget="-0.06" Acc="15" Vel="0.1" EndVel="0.0" PositionMode="1"/>
	</Command>
	<Command id="7">
		<Parameter Name="MoveInPlane" ShuttleID="141" XTarget="0.0" YTarget="0.03" Acc="15" Vel="0.1" EndVel="0.0" PositionMode="1"/>
	</Command>
	<Command id="8">
		<Parameter Name="MacroSave" MacroID="141"/>
	</Command>
</Commands>
