﻿<?xml version="1.0" encoding="utf-8"?>
<Commands>
	<Command id="1.0">
		<Parameter Name="MacroClear" MacroID="172"/>
	</Command>
    <Command id="2">
		<Parameter Name="MoveInPlane" ShuttleID="172" XTarget="0.54" YTarget="0.54" Acc="10" Vel="1.0" EndVel="0.0" PositionMode="0" PathType="0"/>
	</Command>
	<Command id="3">
		<Parameter Name="MoveInPlane" ShuttleID="172" XTarget="0.42" YTarget="0.54" Acc="10" Vel="1.0" EndVel="0.0" PositionMode="0" PathType="0"/>
	</Command>
    <Command id="4">
		<Parameter Name="MoveInPlane" ShuttleID="172" XTarget="0.42" YTarget="0.18" Acc="10" Vel="1.0" EndVel="0.0" PositionMode="0" PathType="0"/>
	</Command>
    <Command id="5">
		<Parameter Name="MoveInPlane" ShuttleID="172" XTarget="0.54" YTarget="0.18" Acc="10" Vel="1.0" EndVel="0.0" PositionMode="0" PathType="0"/>
	</Command>
	<Command id="6">
		<Parameter Name="MacroRun" MacroID="172" ShuttleID="172"/>
	</Command>
	<Command id="7">
		<Parameter Name="MacroSave" MacroID="172"/>
	</Command>
</Commands>
