﻿<?xml version="1.0" encoding="utf-8"?>
<Commands>
	<Command id="1">
		<Parameter Name="MacroClear" MacroID="183"/>
	</Command>
    <!-- First Row -->
	<Command id="2">
		<Parameter Name="MoveShortAxis" ShuttleID ="183" ZTarget="0.002" VelZ = "0.5" RXTarget="0.00" RYTarget ="0" RZTarget="0.087" RotationCenterX="0" RotationCenterY="600" VelRx="0.0" VelRy="0.0" VelRz="0.3" PositionMode="0" ArcType="1"/>
	</Command>
    <Command id="3">
		<Parameter Name="WaitTime" ShuttleID="183" TimeDelay="0.200" />
	</Command>
    <Command id="2">
		<Parameter Name="MoveShortAxis" ShuttleID ="183" ZTarget="0.002" VelZ = "0.5" RXTarget="0.00" RYTarget ="0" RZTarget="-0.087" RotationCenterX="0" RotationCenterY="600" VelRx="0.0" VelRy="0.0" VelRz="0.3" PositionMode="0" ArcType="1" />
	</Command>
    <Command id="5">
		<Parameter Name="WaitTime" ShuttleID="183" TimeDelay="0.200" />
	</Command>
    <Command id="2">
		<Parameter Name="MoveShortAxis" ShuttleID ="183" ZTarget="0.002" VelZ = "0.5" RXTarget="0.00" RYTarget ="0" RZTarget="-0.0" RotationCenterX="0" RotationCenterY="600" VelRx="0.0" VelRy="0.0" VelRz="0.3" PositionMode="0" ArcType="1"/>
	</Command>
    <Command id="2">
		<Parameter Name="MoveShortAxis" ShuttleID ="183" ZTarget="0.002" VelZ = "0.5" RXTarget="0.00" RYTarget ="0" RZTarget="-0.087" RotationCenterX="900" RotationCenterY="600" VelRx="0.0" VelRy="0.0" VelRz="0.3" PositionMode="0" ArcType="1" />
	</Command>
    <Command id="7">
		<Parameter Name="WaitTime" ShuttleID="183" TimeDelay="0.200" />
	</Command>
    <Command id="2">
		<Parameter Name="MoveShortAxis" ShuttleID ="183" ZTarget="0.002" VelZ = "0.5" RXTarget="0.00" RYTarget ="0" RZTarget="0.087" RotationCenterX="900" RotationCenterY="600" VelRx="0.0" VelRy="0.0" VelRz="0.3" PositionMode="0" ArcType="1" />
	</Command>
    <Command id="9">
		<Parameter Name="WaitTime" ShuttleID="183" TimeDelay="0.200" />
	</Command>
    <Command id="2">
		<Parameter Name="MoveShortAxis" ShuttleID ="183" ZTarget="0.002" VelZ = "0.5" RXTarget="0.00" RYTarget ="0" RZTarget="-0.0" RotationCenterX="900" RotationCenterY="600" VelRx="0.0" VelRy="0.0" VelRz="0.3" PositionMode="0" ArcType="1"/>
	</Command>
    <Command id="11">
		<Parameter Name="WaitTime" ShuttleID="183" TimeDelay="0.200" />
	</Command>
	<Command id="20">
		<Parameter Name="MacroSave" MacroID="183"/>
	</Command>
</Commands>
