﻿<?xml version="0.5" encoding="utf-8"?>
<Commands>
	<Command id="1">
		<Parameter Name="MacroClear" MacroID="170"/>
	</Command>
	<Command id="2">
		<Parameter Name="MoveInPlane" ShuttleID="170" XTarget="0.090" YTarget="0.00" Acc="10" Vel="0.15" EndVel="0.0" PositionMode="1" PathType="0"/>
	</Command>
    <Command id="3">
		<Parameter Name="MoveInPlane" ShuttleID="170" XTarget="0.0" YTarget="-0.060" Acc="10" Vel="0.15" EndVel="0.0" PositionMode="1" PathType="0"/>
	</Command>
    <Command id="4">
		<Parameter Name="MoveInPlane" ShuttleID="170" XTarget="-0.180" YTarget="0.00" Acc="10" Vel="0.15" EndVel="0.0" PositionMode="1" PathType="0"/>
	</Command>
    <Command id="5">
		<Parameter Name="MoveInPlane" ShuttleID="170" XTarget="0.0" YTarget="0.06" Acc="10" Vel="0.15" EndVel="0.0" PositionMode="1" PathType="0"/>
	</Command>
    <Command id="6">
		<Parameter Name="MoveInPlane" ShuttleID="170" XTarget="0.09" YTarget="0.00" Acc="10" Vel="0.15" EndVel="0.15" PositionMode="1" PathType="0"/>
	</Command>
	<Command id="7">
		<Parameter Name="MacroRun" MacroID="170" ShuttleID="170"/>
	</Command>
	<Command id="8">
		<Parameter Name="MacroSave" MacroID="170"/>
	</Command>
</Commands>
