﻿<?xml version="1.0" encoding="utf-8"?>
<Commands>
	<Command id="1">
		<Parameter Name="MacroClear" MacroID="181"/>
	</Command>
    <!-- First Row -->
	<Command id="2">
		<Parameter Name="MoveInPlane" ShuttleID="181" XTarget="-0.03" YTarget="-0.03" Acc="10" Vel="1.0" EndVel="0.0" PositionMode="1" PathType="0"/>
	</Command>
    <Command id="3">
		<Parameter Name="WaitTime" ShuttleID="181" TimeDelay="0.200" />
	</Command>
    <Command id="4">
		<Parameter Name="MoveInPlane" ShuttleID="181" XTarget="0.03" YTarget="0.0" Acc="10" Vel="1.0" EndVel="0.0" PositionMode="1" PathType="0"/>
	</Command>
    <Command id="5">
		<Parameter Name="WaitTime" ShuttleID="181" TimeDelay="0.200" />
	</Command>
    <Command id="6">
		<Parameter Name="MoveInPlane" ShuttleID="181" XTarget="0.03" YTarget="0.0" Acc="10" Vel="1.0" EndVel="0.0" PositionMode="1" PathType="0"/>
	</Command>
    <Command id="7">
		<Parameter Name="WaitTime" ShuttleID="181" TimeDelay="0.200" />
	</Command>
    <!-- Second Row -->
    <Command id="8">
		<Parameter Name="MoveInPlane" ShuttleID="181" XTarget="-0.0" YTarget="0.03" Acc="10" Vel="1.0" EndVel="0.0" PositionMode="1" PathType="0"/>
	</Command>
    <Command id="9">
		<Parameter Name="WaitTime" ShuttleID="181" TimeDelay="0.200" />
	</Command>
    <Command id="10">
		<Parameter Name="MoveInPlane" ShuttleID="181" XTarget="-0.03" YTarget="0.0" Acc="10" Vel="1.0" EndVel="0.0" PositionMode="1" PathType="0"/>
	</Command>
    <Command id="11">
		<Parameter Name="WaitTime" ShuttleID="181" TimeDelay="0.200" />
	</Command>
    <Command id="12">
		<Parameter Name="MoveInPlane" ShuttleID="181" XTarget="-0.03" YTarget="0.0" Acc="10" Vel="1.0" EndVel="0.0" PositionMode="1" PathType="0"/>
	</Command>
    <Command id="13">
		<Parameter Name="WaitTime" ShuttleID="181" TimeDelay="0.200" />
	</Command>
    <!-- Third Row -->
    <Command id="14">
		<Parameter Name="MoveInPlane" ShuttleID="181" XTarget="-0.0" YTarget="0.03" Acc="10" Vel="1.0" EndVel="0.0" PositionMode="1" PathType="0"/>
	</Command>
    <Command id="15">
		<Parameter Name="WaitTime" ShuttleID="181" TimeDelay="0.200" />
	</Command>
    <Command id="16">
		<Parameter Name="MoveInPlane" ShuttleID="181" XTarget="0.03" YTarget="0.0" Acc="10" Vel="1.0" EndVel="0.0" PositionMode="1" PathType="0"/>
	</Command>
    <Command id="17">
		<Parameter Name="WaitTime" ShuttleID="181" TimeDelay="0.200" />
	</Command>
    <Command id="18">
		<Parameter Name="MoveInPlane" ShuttleID="181" XTarget="0.03" YTarget="0.0" Acc="10" Vel="1.0" EndVel="0.0" PositionMode="1" PathType="0"/>
	</Command>
    <Command id="19">
		<Parameter Name="WaitTime" ShuttleID="181" TimeDelay="0.200" />
	</Command>
	<Command id="20">
		<Parameter Name="MacroSave" MacroID="181"/>
	</Command>
</Commands>
