﻿<?xml version="0.5" encoding="utf-8"?>
<Commands>
	<Command id="1">
		<Parameter Name="MacroClear" MacroID="171"/>
	</Command>
	<Command id="2">
		<Parameter Name="MoveInPlane" ShuttleID="171" XTarget="0.90" YTarget="0.66" Acc="10" Vel="1.5" EndVel="0.0" PositionMode="0" PathType="0"/>
	</Command>
    <Command id="3">
		<Parameter Name="MoveInPlane" ShuttleID="171" XTarget="0.9" YTarget="0.54" Acc="10" Vel="1" EndVel="0.0" PositionMode="0" PathType="0"/>
	</Command>
    <Command id="4">
		<Parameter Name="MoveInPlane" ShuttleID="171" XTarget="0.66" YTarget="0.54" Acc="10" Vel="1" EndVel="0.0" PositionMode="0" PathType="0"/>
	</Command>
    <Command id="5">
		<Parameter Name="MoveInPlane" ShuttleID="171" XTarget="0.66" YTarget="0.06" Acc="10" Vel="1" EndVel="0.0" PositionMode="0" PathType="0"/>
	</Command>
    <Command id="6">
		<Parameter Name="MoveInPlane" ShuttleID="171" XTarget="0.3" YTarget="0.06" Acc="10" Vel="1" EndVel="0.0" PositionMode="0" PathType="0"/>
	</Command>
    <Command id="7">
		<Parameter Name="MoveInPlane" ShuttleID="171" XTarget="0.3" YTarget="0.54" Acc="10" Vel="1" EndVel="0.0" PositionMode="0" PathType="0"/>
	</Command>
    <Command id="8">
		<Parameter Name="MoveInPlane" ShuttleID="171" XTarget="0.06" YTarget="0.54" Acc="10" Vel="1" EndVel="0.0" PositionMode="0" PathType="0"/>
	</Command>
    <Command id="9">
		<Parameter Name="MoveInPlane" ShuttleID="171" XTarget="0.06" YTarget="0.66" Acc="10" Vel="1" EndVel="0.0" PositionMode="0" PathType="0"/>
	</Command>
	<Command id="10">
		<Parameter Name="MacroRun" MacroID="171" ShuttleID="171"/>
	</Command>
	<Command id="11">
		<Parameter Name="MacroSave" MacroID="171"/>
	</Command>
</Commands>
