﻿<?xml version="0.01" encoding="utf-8"?>
<Commands>
	<Command id="1">
		<Parameter Name="MacroClear" MacroID="143"/>
	</Command>
	<Command id="2">
		<Parameter Name="MoveShortAxis" ShuttleID="143" RZTarget="0.17" ZTarget="0.0005" VelRz="1.0" VelZ="0.15" />
	</Command>
	<Command id="3">
		<Parameter Name="MoveShortAxis" ShuttleID="143" RZTarget="-0.17" ZTarget="0.004" VelRz="1.0" VelZ="0.15"/>
	</Command>
    <Command id="4">
		<Parameter Name="MoveShortAxis" ShuttleID="143" RZTarget="0.17" ZTarget="0.001" VelRz="1.0" VelZ="0.15"/>
	</Command>
    <Command id="5">
		<Parameter Name="MoveShortAxis" ShuttleID="143" RZTarget="-0.17" ZTarget="0.004" VelRz="1.0" VelZ="0.15"/>
	</Command>
    <Command id="6">
		<Parameter Name="MoveShortAxis" ShuttleID="143" RZTarget="0.0" ZTarget="0.002" VelRz="1.0" VelZ="0.15"/>
	</Command>
	<Command id="7">
		<Parameter Name="MacroSave" MacroID="143"/>
	</Command>
</Commands>
