﻿<?xml version="0.01" encoding="utf-8"?>
<Commands>
	<Command id="1">
		<Parameter Name="MacroClear" MacroID="142"/>
	</Command>
	<Command id="2">
		<Parameter Name="MoveShortAxis" ShuttleID="142" RXTarget="0.015" ZTarget="0.002" VelRx="1.0" VelZ="0.15" />
	</Command>
	<Command id="3">
		<Parameter Name="MoveShortAxis" ShuttleID="142" RXTarget="-0.015" ZTarget="0.002" VelRx="-1.0" VelZ="0.15"/>
	</Command>
	<Command id="4">
		<Parameter Name="MacroRun" MacroID="142" ShuttleID="142"/>
	</Command>
	<Command id="5">
		<Parameter Name="MacroSave" MacroID="142"/>
	</Command>
</Commands>
