﻿<?xml version="1.0" encoding="utf-8"?>
<Commands>
	<Command id="1">
		<Parameter Name="MacroClear" MacroID="165"/>
	</Command>
	<Command id="2">
		<Parameter Name="MoveShortAxis" ShuttleID ="165" ZTarget="0.003" RXTarget="0" RYTarget ="0" RZTarget="0" VelZ="0.01" PositionMode="0" />
	</Command>
	<Command id="3">
		<Parameter Name="WaitTime" ShuttleID="165" TimeDelay="0.100" />
	</Command>
	<Command id="4">
		<Parameter Name="MoveShortAxis" ShuttleID ="165" ZTarget="0.0005" RXTarget="0" RYTarget ="0" RZTarget="0" VelZ="0.01" PositionMode="0" />
	</Command>
	<Command id="5">
		<Parameter Name="WaitTime" ShuttleID="165" TimeDelay="0.100" />
	</Command>
	<Command id="6">
		<Parameter Name="MoveShortAxis" ShuttleID ="165" ZTarget="0.003" RXTarget="0" RYTarget ="0" RZTarget="0" VelZ="0.01" PositionMode="0" />
	</Command>
	<Command id="7">
		<Parameter Name="WaitTime" ShuttleID="165" TimeDelay="0.200" />
	</Command>
	<Command id="8">
		<Parameter Name="MoveShortAxis" ShuttleID ="165" ZTarget="0.0005" RXTarget="0" RYTarget ="0" RZTarget="0" VelZ="0.01" PositionMode="0" />
	</Command>
	<Command id="9">
		<Parameter Name="WaitTime" ShuttleID="165" TimeDelay="0.200" />
	</Command>
	<Command id="10">
		<Parameter Name="MoveShortAxis" ShuttleID ="165" ZTarget="0.003" RXTarget="0" RYTarget ="0" RZTarget="0" VelZ="0.01" PositionMode="0" />
	</Command>
	<Command id="11">
		<Parameter Name="WaitTime" ShuttleID="165" TimeDelay="0.200" />
	</Command>
	<Command id="12">
		<Parameter Name="MoveShortAxis" ShuttleID ="165" ZTarget="0.0005" RXTarget="0" RYTarget ="0" RZTarget="0" VelZ="0.01" PositionMode="0" />
	</Command>
	<Command id="13">
		<Parameter Name="WaitTime" ShuttleID="165" TimeDelay="0.200" />
	</Command>
	<Command id="14">
		<Parameter Name="MoveShortAxis" ShuttleID ="165" ZTarget="0.003" RXTarget="0" RYTarget ="0" RZTarget="0" VelZ="0.01" PositionMode="0" />
	</Command>
	<Command id="15">
		<Parameter Name="WaitTime" ShuttleID="165" TimeDelay="0.200" />
	</Command>
	<Command id="16">
		<Parameter Name="MoveShortAxis" ShuttleID ="165" ZTarget="0.0005" RXTarget="0" RYTarget ="0" RZTarget="0" VelZ="0.01" PositionMode="0" />
	</Command>
	<Command id="17">
		<Parameter Name="WaitTime" ShuttleID="165" TimeDelay="0.200" />
	</Command>
	<Command id="18">
		<Parameter Name="MoveShortAxis" ShuttleID ="165" ZTarget="0.003" RXTarget="0" RYTarget ="0" RZTarget="0" VelZ="0.01" PositionMode="0" />
	</Command>
	<Command id="19">
		<Parameter Name="WaitTime" ShuttleID="165" TimeDelay="0.200" />
	</Command>
	<Command id="20">
		<Parameter Name="MoveShortAxis" ShuttleID ="165" ZTarget="0.0005" RXTarget="0" RYTarget ="0" RZTarget="0" VelZ="0.01" PositionMode="0" />
	</Command>
	<Command id="21">
		<Parameter Name="WaitTime" ShuttleID="165" TimeDelay="0.200" />
	</Command>
	<Command id="22">
		<Parameter Name="MoveShortAxis" ShuttleID ="165" ZTarget="0.001" RXTarget="0" RYTarget ="0" RZTarget="0" VelZ="0.01" PositionMode="0" />
	</Command>
    <Command id="23">
		<Parameter Name="MacroRun" MacroID="165" ShuttleID = "165"/>
	</Command>
	<Command id="24">
		<Parameter Name="MacroSave" MacroID="165"/>
	</Command>
</Commands>
